Rk;Player;Pos;Tm;PER;WS/48;VORP
1;Precious Achiuwa;C;TOR;12.7;0.07;-0.2
2;Steven Adams;C;MEM;17.6;0.163;2
3;Bam Adebayo;C;MIA;21.8;0.188;2.7
4;Santi Aldama;PF;MEM;10.2;0.044;-0.3
5;LaMarcus Aldridge;C;BRK;19.6;0.141;0.7
6;Nickeil Alexander-Walker;SG;TOT;10.5;0.003;-0.3
7;Grayson Allen;SG;MIL;12.7;0.11;1.1
8;Jarrett Allen;C;CLE;23;0.225;2.7
9;Jose Alvarado;PG;NOP;16.4;0.121;0.8
10;Justin Anderson;SF;TOT;10.4;0.054;-0.1
11;Kyle Anderson;PF;MEM;14.4;0.113;1.2
12;Giannis Antetokounmpo;PF;MIL;32.1;0.281;7.4
13;Thanasis Antetokounmpo;SF;MIL;12.5;0.095;-0.2
14;Carmelo Anthony;PF;LAL;14.8;0.097;0.7
15;Cole Anthony;PG;ORL;13.5;0.038;0.4
16;OG Anunoby;SF;TOR;14.8;0.104;1.1
17;Ryan Arcidiacono;PG;NYK;6.1;0.052;-0.1
18;Trevor Ariza;SF;LAL;7;0.02;-0.2
19;D.J. Augustin;PG;TOT;9.7;0.043;-0.4
20;Deni Avdija;SF;WAS;11.6;0.058;0.1
21;Joel Ayayi;SG;WAS;3.4;-0.098;0
22;Deandre Ayton;C;PHO;21.9;0.203;2.1
23;Udoka Azubuike;C;UTA;17.6;0.157;0
24;Marvin Bagley III;PF;TOT;15.7;0.085;-0.1
25;LaMelo Ball;PG;CHO;19.7;0.116;3.3
26;Lonzo Ball;PG;CHI;14.5;0.088;1.4
27;Mo Bamba;C;ORL;16.5;0.118;1.2
28;Desmond Bane;SG;MEM;17.6;0.153;2.7
29;Dalano Banton;PG;TOR;10;0.03;-0.2
30;Cat Barber;PG;ATL;-11.2;-0.45;-0.1
31;Harrison Barnes;PF;SAC;15.7;0.112;1.4
32;Scottie Barnes;PF;TOR;16.3;0.122;1.9
33;RJ Barrett;SF;NYK;13.7;0.046;0.2
34;Will Barton;SG;DEN;13.4;0.067;0.9
35;Paris Bass;SF;PHO;13.9;-0.17;0
36;Charles Bassey;C;PHI;21.5;0.22;0.2
37;Keita Bates-Diop;SF;SAS;12.4;0.08;-0.1
38;Nicolas Batum;PF;LAC;13.5;0.123;1.6
39;Kent Bazemore;SF;LAL;6;0.006;-0.3
40;Darius Bazley;PF;OKC;12.6;0.044;0.1
41;Bradley Beal;SG;WAS;17.5;0.046;1
42;Malik Beasley;SG;MIN;11.9;0.069;0.7
43;Jordan Bell;C;CHI;29.9;0.6;0
44;DeAndre' Bembry;SF;TOT;11.9;0.104;0.3
45;Dāvis Bertāns;PF;TOT;9.4;0.053;-0.1
46;Patrick Beverley;PG;MIN;14.8;0.132;1.7
47;Saddiq Bey;SF;DET;14;0.071;1.2
48;Khem Birch;C;TOR;13.2;0.126;0.2
49;Goga Bitadze;C;IND;18;0.122;0.2
50;Bismack Biyombo;C;PHO;17.3;0.17;0.1
51;Nemanja Bjelica;C;GSW;14.2;0.128;1
52;Eric Bledsoe;PG;LAC;12.5;0.047;0.4
53;Keljin Blevins;SF;POR;4.8;-0.066;-0.6
54;Bogdan Bogdanović;SG;ATL;15.4;0.095;1.5
55;Bojan Bogdanović;PF;UTA;15.7;0.118;1.1
56;Bol Bol;PF;DEN;13.5;0.065;0
57;Leandro Bolmaro;SF;MIN;5.4;0.004;-0.2
58;Isaac Bonga;SF;TOR;8.7;0.06;0
59;Devin Booker;SG;PHO;21.3;0.156;3.6
60;Brandon Boston Jr.;SG;LAC;11.2;0.026;-0.3
61;Chris Boucher;SF;TOR;17.9;0.169;0.9
62;James Bouknight;SG;CHO;10.1;0.001;-0.4
63;Avery Bradley;SG;LAL;7.8;0.04;-0.6
64;Tony Bradley;C;CHI;14.9;0.112;0
65;Ignas Brazdeikis;SF;ORL;10.2;0.041;-0.3
66;Mikal Bridges;SF;PHO;14.4;0.15;2.6
67;Miles Bridges;PF;CHO;17.9;0.123;2.5
68;Oshae Brissett;SF;IND;12.9;0.069;-0.1
69;Malcolm Brogdon;PG;IND;18;0.106;1.3
70;Armoni Brooks;SG-PG;TOT;8.4;0.014;-0.4
71;Dillon Brooks;SF;MEM;15.5;0.087;0
72;Bruce Brown;SF;BRK;15;0.13;1.2
73;Charlie Brown Jr.;SG;TOT;6.5;0.012;-0.1
74;Chaundee Brown Jr.;SG-SF;TOT;6.4;0.002;-0.1
75;Greg Brown III;SF;POR;11;0.029;-0.4
76;Jaylen Brown;SF;BOS;18.9;0.124;2.2
77;Moses Brown;C;TOT;18.5;0.16;-0.1
78;Sterling Brown;SG;DAL;8.4;0.061;-0.1
79;Troy Brown Jr.;SF;CHI;10.1;0.065;0.1
80;Jalen Brunson;SG;DAL;17.1;0.143;1.9
81;Thomas Bryant;C;WAS;16.6;0.118;0.1
82;Shaq Buchanan;SG;MEM;0.6;-0.23;0
83;Reggie Bullock;SF;DAL;9.2;0.08;0.3
84;Trey Burke;PG;DAL;10;0.003;-0.3
85;Alec Burks;SG;NYK;13.7;0.126;1.7
86;Jared Butler;SG;UTA;12.1;0.057;0
87;Jimmy Butler;SF;MIA;23.6;0.228;4
88;Devontae Cacok;PF;SAS;20.2;0.206;0.2
89;Kentavious Caldwell-Pope;SG;WAS;12.6;0.058;0.3
90;Facundo Campazzo;PG;DEN;11.1;0.081;0.4
91;Vlatko Čančar;PF;DEN;12.7;0.114;0
92;Devin Cannady;PG;ORL;8.6;0.033;0
93;Clint Capela;C;ATL;21.4;0.195;2.1
94;Vernon Carey Jr.;C;TOT;15.8;0.068;-0.1
95;Jevon Carter;PG;TOT;9.6;0.062;-0.1
96;Wendell Carter Jr.;PF;ORL;18.4;0.129;1.7
97;Alex Caruso;SG;CHI;11.7;0.082;0.6
98;Willie Cauley-Stein;C;TOT;8.3;0.066;0
99;Ahmad Caver;SG;IND;76.2;1.204;0
100;Justin Champagnie;SF;TOR;13.6;0.138;0
101;Zylan Cheatham;SF;UTA;-23.8;-0.61;0
102;Chris Chiozza;PG;GSW;4.4;-0.004;-0.4
103;Marquese Chriss;PF;DAL;14.8;0.108;-0.2
104;Josh Christopher;SG;HOU;12.2;0.01;-0.5
105;Gary Clark;PF;NOP;11.4;0.092;0.2
106;Brandon Clarke;PF;MEM;23.7;0.241;2
107;Jordan Clarkson;SG;UTA;14.9;0.079;0.7
108;Nic Claxton;C;BRK;18.6;0.171;0.6
109;Amir Coffey;SG;LAC;13;0.116;0.7
110;John Collins;PF;ATL;18.7;0.146;1.5
111;Zach Collins;C;SAS;16.4;0.118;0.2
112;Darren Collison;PG;LAL;-0.2;-0.07;-0.1
113;Mike Conley;PG;UTA;17.2;0.157;2.7
114;Pat Connaughton;SF;MIL;13.4;0.125;1.4
115;Tyler Cook;PF;CHI;13;0.127;-0.1
116;Sharife Cooper;PG;ATL;-5.4;-0.297;-0.1
117;Petr Cornelie;PF;DEN;9.6;-0.015;-0.1
118;DeMarcus Cousins;C;TOT;18.2;0.104;0.1
119;Robert Covington;PF;TOT;12.4;0.08;1.1
120;Torrey Craig;SF;TOT;11;0.07;0.1
121;Jae Crowder;PF;PHO;11.3;0.11;1.5
122;Jarrett Culver;SG;MEM;8.7;0.012;-0.3
123;Jarron Cumberland;SG;POR;8.4;0.079;0
124;Cade Cunningham;SG;DET;13.1;-0.011;0.2
125;Seth Curry;SG;TOT;13.7;0.095;0.8
126;Stephen Curry;PG;GSW;21.4;0.173;4.4
127;Anthony Davis;C;LAL;23.9;0.155;2
128;Ed Davis;C;CLE;9.3;0.126;0
129;Terence Davis;SG;SAC;14.6;0.044;0.2
130;Gabriel Deck;PF;OKC;11.5;0.08;0
131;Dewayne Dedmon;C;MIA;15.9;0.157;0.3
132;Sam Dekker;PF;TOR;0;0.003;0
133;Javin DeLaurier;C;MIL;15.6;0.26;0
134;DeMar DeRozan;PF;CHI;23.1;0.154;3.1
135;Mamadi Diakite;PF;OKC;11.6;0.08;-0.1
136;Cheick Diallo;C;DET;12.3;0.108;0
137;Hamidou Diallo;SG;DET;15.7;0.079;0.5
138;Gorgui Dieng;C;ATL;17.3;0.155;0.4
139;Spencer Dinwiddie;PG-SG;TOT;15.1;0.098;1.2
140;Donte DiVincenzo;SG;TOT;11.3;0.035;-0.1
141;Luka Dončić;PG;DAL;25.1;0.159;5.9
142;Luguentz Dort;SG;OKC;12.3;0.04;-0.1
143;Ayo Dosunmu;SG;CHI;11.2;0.069;0
144;Damyean Dotson;SG;NYK;6.4;0.045;0
145;Devon Dotson;PG;CHI;9.8;0.048;-0.1
146;Sekou Doumbouya;PF;LAL;40.7;0.3;0.1
147;Jeff Dowtin;PG;TOT;6.8;-0.01;-0.1
148;PJ Dozier;SG;DEN;8.7;0.038;0
149;Goran Dragić;PG;TOT;10;0.034;-0.2
150;Andre Drummond;C;TOT;21;0.17;1.2
151;Chris Duarte;SG;IND;12.3;0.029;-0.1
152;David Duke Jr.;PG;BRK;10;0.048;-0.2
153;Kris Dunn;PG;POR;12.5;0.024;-0.3
154;Kevin Durant;PF;BRK;25.6;0.198;4.8
155;Jaime Echenique;C;WAS;0;-0.012;0
156;Anthony Edwards;SG;MIN;16.5;0.084;2
157;Carsen Edwards;SG;DET;5.5;-0.075;-0.1
158;Kessler Edwards;SF;BRK;8.3;0.031;-0.5
159;Rob Edwards;SG;OKC;-0.8;-0.181;0
160;CJ Elleby;SF;POR;9.2;0.016;-1
161;Wayne Ellington;SG;LAL;9.9;0.062;0.1
162;Joel Embiid;C;PHI;31.2;0.252;6.5
163;James Ennis III;SF;TOT;17.7;0.114;0
164;Drew Eubanks;C;TOT;18;0.13;0.2
165;Tacko Fall;C;CLE;11.3;0.043;0
166;Derrick Favors;C;OKC;13.6;0.105;0
167;Bruno Fernando;C;TOT;21.2;0.14;0.1
168;Dorian Finney-Smith;PF;DAL;12.5;0.121;1.9
169;Malik Fitts;PF;TOT;10.7;0.097;0
170;Malachi Flynn;PG;TOR;11.7;0.092;0.1
171;Bryn Forbes;SG;TOT;11.5;0.054;-0.3
172;Aleem Ford;SF;ORL;0.5;-0.103;-0.2
173;Trent Forrest;PG;UTA;10.9;0.084;0.2
174;Evan Fournier;SG;NYK;12.3;0.075;0.7
175;De'Aaron Fox;PG;SAC;17.4;0.058;0.7
176;Melvin Frazier;SG;OKC;-0.4;-0.16;-0.4
177;Tim Frazier;PG;TOT;3.3;-0.046;-0.3
178;Enes Freedom;C;BOS;15;0.16;0.1
179;Markelle Fultz;PG;ORL;17.7;0.053;0.2
180;Wenyen Gabriel;PF;TOT;12.5;0.09;-0.4
181;Daniel Gafford;C;WAS;21.8;0.198;1.3
182;Danilo Gallinari;PF;ATL;14.3;0.105;0.8
183;Langston Galloway;SG;TOT;0.7;-0.1;-0.2
184;Darius Garland;PG;CLE;19;0.125;2.8
185;Marcus Garrett;SG;MIA;4.7;0.032;-0.1
186;Usman Garuba;PF;HOU;12.9;0.105;0.1
187;Luka Garza;C;DET;15.6;0.093;-0.1
188;Rudy Gay;PF;UTA;13;0.097;0.3
189;Paul George;PF;LAC;18.6;0.057;1.6
190;Taj Gibson;C;NYK;12;0.135;0
191;Josh Giddey;SF;OKC;13.3;0.01;0.5
192;Shai Gilgeous-Alexander;PG;OKC;20.9;0.113;2.7
193;Anthony Gill;PF;WAS;14.7;0.14;0
194;Freddie Gillespie;PF;ORL;9.5;0.049;-0.1
195;Rudy Gobert;C;UTA;24.7;0.264;3.6
196;Brandon Goodwin;PG;CLE;11.8;0.069;0.1
197;Jordan Goodwin;SG;WAS;-20.4;-0.533;0
198;Aaron Gordon;PF;DEN;15.3;0.105;0.9
199;Eric Gordon;SG;HOU;12.1;0.04;-0.1
200;Devonte' Graham;PG;NOP;12.1;0.062;0.5
201;Jerami Grant;PF;DET;16.1;0.075;1.2
202;Hassani Gravett;PG;ORL;10.1;0.071;0
203;Danny Green;SF;PHI;9.5;0.067;0.5
204;Draymond Green;PF;GSW;14.3;0.131;1.8
205;Jalen Green;SG;HOU;12.5;0.015;-0.5
206;JaMychal Green;PF;DEN;14.1;0.118;0
207;Javonte Green;SF;CHI;14;0.139;0.8
208;Jeff Green;PF;DEN;12.5;0.101;-0.2
209;Josh Green;SG;DAL;11.9;0.111;0.3
210;Blake Griffin;C;BRK;13.7;0.106;0.3
211;Quentin Grimes;SG;NYK;10.7;0.087;0.3
212;Kyle Guy;SG;MIA;9.5;0.035;-0.1
213;Rui Hachimura;PF;WAS;14.9;0.073;0.1
214;Tyrese Haliburton;SG-PG;TOT;18.2;0.125;3.1
215;Tyler Hall;SG;NYK;0;0.007;0
216;R.J. Hampton;SG;ORL;8.5;-0.005;-0.7
217;Tim Hardaway Jr.;SG;DAL;12.7;0.077;0.6
218;James Harden;PG;TOT;20.9;0.152;3.7
219;Maurice Harkless;SF;SAC;7.7;0.026;-0.3
220;Jared Harper;PG;NOP;36.9;0.422;0.2
221;Montrezl Harrell;C;TOT;23.2;0.213;2.4
222;Gary Harris;SG;ORL;10.9;0.06;-0.2
223;Joe Harris;SF;BRK;9.6;0.06;0.1
224;Tobias Harris;PF;PHI;15.9;0.105;1.3
225;Shaquille Harrison;SG;BRK;4.6;-0.067;0
226;Josh Hart;SG;TOT;16.1;0.117;1.3
227;Isaiah Hartenstein;C;LAC;22;0.215;2
228;Udonis Haslem;C;MIA;8.6;0.033;-0.1
229;Sam Hauser;SF;BOS;14.8;0.171;0.2
230;Jaxson Hayes;C;NOP;18.5;0.174;0.8
231;Killian Hayes;PG;DET;9.3;0.014;-0.6
232;Gordon Hayward;SF;CHO;15.1;0.087;0.5
233;Aaron Henry;SF;PHI;-7.4;-0.306;-0.1
234;Juancho Hernangómez;PF;TOT;11.5;0.095;0.2
235;Willy Hernangómez;C;NOP;22.2;0.18;0.5
236;Tyler Herro;SG;MIA;16.2;0.084;1.5
237;Buddy Hield;SG;TOT;12.9;0.036;0.5
238;Haywood Highsmith;SF;MIA;7;0.041;-0.1
239;George Hill;PG;MIL;10.2;0.087;0.1
240;Malcolm Hill;SF-SG;TOT;12.7;0.126;0
241;Solomon Hill;SF;ATL;3.3;-0.006;-0.1
242;Nate Hinton;SG;IND;-45.2;-1.231;0
243;Jaylen Hoard;SF;OKC;18;0.118;0.1
244;Aaron Holiday;PG;TOT;12.6;0.068;0.1
245;Jrue Holiday;PG;MIL;19.8;0.15;2.9
246;Justin Holiday;SF-SG;TOT;9.5;0.033;-0.1
247;Richaun Holmes;C;SAC;17.8;0.145;0.4
248;Rodney Hood;PF-SF;TOT;7.2;0.048;-0.2
249;Scotty Hopson;SG;OKC;0.1;-0.132;0
250;Al Horford;C;BOS;16.7;0.181;3.2
251;Talen Horton-Tucker;SG;LAL;11;0.033;-0.5
252;Danuel House Jr.;SF;TOT;10.6;0.068;0.2
253;Dwight Howard;C;LAL;18.2;0.174;0.4
254;Markus Howard;SG;DEN;16.1;0.082;0
255;Kevin Huerter;SF;ATL;11.9;0.062;0.4
256;Jay Huff;C;LAL;0.6;-0.117;0
257;Elijah Hughes;SG-SF;TOT;5.4;-0.043;-0.5
258;Feron Hunt;SF;NYK;-3;-0.234;0
259;De'Andre Hunter;SF;ATL;10.6;0.034;-0.8
260;Chandler Hutchison;SF;PHO;1;-0.086;0
261;Bones Hyland;SG;DEN;14.4;0.088;0.5
262;Serge Ibaka;C;TOT;14.4;0.108;0.1
263;Andre Iguodala;SF;GSW;12.3;0.125;0.7
264;Joe Ingles;SF;UTA;10;0.094;0.5
265;Brandon Ingram;SF;NOP;18.7;0.099;1.9
266;Kyrie Irving;PG;BRK;21.4;0.147;1.4
267;Wes Iwundu;SF;ATL;7.1;0.046;-0.1
268;Frank Jackson;PG;DET;10.6;0.031;-0.4
269;Isaiah Jackson;PF;IND;20.5;0.126;0.1
270;Jaren Jackson Jr.;PF;MEM;17;0.121;1
271;Josh Jackson;SF;TOT;9.5;0.001;-0.5
272;Justin Jackson;SF;TOT;7.7;0.032;0
273;Reggie Jackson;SG;LAC;12.1;0.008;-0.6
274;LeBron James;PF;LAL;26.2;0.172;5.1
275;DeJon Jarreau;SG;IND;0;-0.022;0
276;DaQuan Jeffries;SG;MEM;8.4;0.099;0
277;Ty Jerome;SG;OKC;11.3;0.032;-0.1
278;Isaiah Joe;SG;PHI;7.7;0.035;-0.4
279;Alize Johnson;PF;TOT;10.7;0.041;-0.1
280;B.J. Johnson;SF;ORL;12.1;0.065;0
281;Cameron Johnson;PF;PHO;15.2;0.156;2.1
282;David Johnson;SG;TOR;-20;-0.495;0
283;Jalen Johnson;PF;ATL;11.3;0.013;-0.1
284;James Johnson;PF;BRK;10.3;0.068;-0.1
285;Joe Johnson;SG;BOS;38.7;0.335;0
286;Keldon Johnson;SF;SAS;15.2;0.098;0.9
287;Keon Johnson;SG;TOT;8.7;-0.031;-0.7
288;Stanley Johnson;PF;LAL;10.5;0.079;-0.2
289;Tyler Johnson;PG;TOT;7.1;0.033;0
290;Nikola Jokić;C;DEN;32.8;0.296;9.8
291;Carlik Jones;PG;TOT;-1.8;-0.285;-0.1
292;Damian Jones;C;SAC;18.3;0.156;0.6
293;Derrick Jones Jr.;PF;CHI;13;0.119;0.2
294;Herbert Jones;PF;NOP;12.3;0.096;0.9
295;Jemerrio Jones;SF;LAL;14.8;0.17;0
296;Kai Jones;C;CHO;9.2;0.009;-0.1
297;Mason Jones;SG;LAL;17.8;0.201;0
298;Tre Jones;PG;SAS;15;0.121;0.4
299;Tyus Jones;PG;MEM;16.5;0.158;1.4
300;DeAndre Jordan;C;TOT;17.2;0.145;0.1
301;Cory Joseph;PG;DET;11.4;0.075;0
302;Georgios Kalaitzakis;SF;TOT;8.6;-0.024;-0.3
303;Frank Kaminsky;C;PHO;21.3;0.228;0.3
304;Luke Kennard;SG;LAC;13.3;0.113;1.2
305;Braxton Key;SF;TOT;13.7;0.052;-0.1
306;George King;SF;DAL;-12.3;-0.296;-0.1
307;Louis King;SF;SAC;8.1;0;-0.1
308;Corey Kispert;SF;WAS;10.9;0.061;-0.1
309;Maxi Kleber;PF;DAL;11;0.098;0.6
310;Brandon Knight;PG;DAL;13;0.091;0
311;Nathan Knight;PF;MIN;18.7;0.171;0.1
312;Kevin Knox;SF;TOT;10.9;0.047;-0.1
313;John Konchar;SG;MEM;14;0.155;1.2
314;Furkan Korkmaz;SG;PHI;10.2;0.041;-0.4
315;Luke Kornet;C;TOT;16.6;0.194;0
316;Vit Krejci;SG;OKC;8.5;0.042;-0.6
317;Arnoldas Kulboka;SF;CHO;-10.7;-0.217;0
318;Jonathan Kuminga;SF;GSW;15.2;0.123;0.1
319;Kyle Kuzma;PF;WAS;15.2;0.044;1
320;Anthony Lamb;SF;SAS;-0.5;-0.138;0
321;Jeremy Lamb;SF-SG;TOT;13.3;0.063;0.3
322;Jock Landale;C;SAS;16;0.121;0.2
323;Romeo Langford;SG;TOT;9.2;0.082;0.1
324;Zach LaVine;SG;CHI;20;0.12;2.6
325;Jake Layman;SF;MIN;9;0.024;-0.1
326;Damion Lee;SG;GSW;10.9;0.102;0
327;Saben Lee;PG;DET;13.8;0.073;0.2
328;Alex Len;C;SAC;13.1;0.07;-0.1
329;Caris LeVert;SG;TOT;15.1;0.059;0.4
330;Kira Lewis Jr.;PG;NOP;9.8;-0.017;-0.2
331;Scottie Lewis;SG;CHO;14.6;0.164;0
332;Damian Lillard;PG;POR;18.5;0.079;0.9
333;Nassir Little;SF;POR;13.5;0.076;0.2
334;Isaiah Livers;SF;DET;11.1;0.085;0
335;Kevon Looney;C;GSW;15.7;0.187;1.3
336;Brook Lopez;C;MIL;16;0.108;0.1
337;Robin Lopez;C;ORL;13.7;0.064;-0.3
338;Didi Louzada;SG-SF;TOT;6.4;-0.005;-0.2
339;Kevin Love;C;CLE;19.6;0.164;2.7
340;Kyle Lowry;PG;MIA;15;0.143;2.1
341;Gabriel Lundberg;SG;PHO;7.7;-0.005;0
342;Timothé Luwawu-Cabarrot;SF;ATL;9.3;0.061;-0.2
343;Trey Lyles;PF;TOT;16.4;0.111;0.7
344;Théo Maledon;PG;OKC;10.6;0.015;-0.6
345;Sandro Mamukelashvili;PF;MIL;14.7;0.135;0.2
346;Terance Mann;SF;LAC;13.4;0.113;0.8
347;Tre Mann;PG;OKC;10.2;0.002;-0.8
348;Boban Marjanović;C;DAL;18.5;0.045;-0.1
349;Lauri Markkanen;SF;CLE;14.7;0.127;1.1
350;Naji Marshall;SF;NOP;12.3;0.05;-0.2
351;Caleb Martin;SF;MIA;14.8;0.139;1.1
352;Cody Martin;SF;CHO;12.7;0.101;0.7
353;Kelan Martin;SF;TOT;9.4;0.005;-0.2
354;Kenyon Martin Jr.;SF;HOU;14.3;0.084;0.4
355;Garrison Mathews;SG;HOU;11;0.078;-0.1
356;Dakota Mathias;SG;MEM;11;0.114;0
357;Wesley Matthews;SG;MIL;6.9;0.056;-0.3
358;Tyrese Maxey;PG;PHI;16.2;0.132;1.8
359;Skylar Mays;SG;ATL;11.7;0.061;0
360;Miles McBride;PG;NYK;6.1;0.032;-0.2
361;Mac McClung;SG-PG;TOT;5.2;-0.043;0
362;CJ McCollum;SG;TOT;18.3;0.081;2.1
363;T.J. McConnell;PG;IND;15.1;0.098;0.5
364;Jaden McDaniels;PF;MIN;10.3;0.065;-0.4
365;Jalen McDaniels;SF;CHO;12.7;0.093;-0.1
366;Doug McDermott;PF;SAS;11.4;0.062;-0.1
367;JaVale McGee;C;PHO;22.6;0.201;0.8
368;Cameron McGriff;SF;POR;12.5;0.097;0
369;Rodney McGruder;SG;DET;11.6;0.075;0.1
370;Alfonzo McKinnie;SF;CHI;5.6;-0.015;-0.4
371;JaQuori McLaughlin;PG;DAL;-2.9;-0.101;0
372;Jordan McLaughlin;PG;MIN;13.4;0.123;0.6
373;Ben McLemore;SG;POR;11.7;0.031;-0.4
374;De'Anthony Melton;SG;MEM;15.2;0.107;1.6
375;Sam Merrill;SG;MEM;7.5;0.029;-0.1
376;Chimezie Metu;C;SAC;13.4;0.056;0.2
377;Khris Middleton;SF;MIL;18.1;0.119;1.9
378;C.J. Miles;SG;BOS;-7.8;0.03;0
379;Patty Mills;SG;BRK;10.4;0.058;0.2
380;Paul Millsap;C;TOT;10.8;0.061;-0.1
381;Shake Milton;SG;PHI;11.9;0.069;-0.1
382;Davion Mitchell;PG;SAC;10.8;0.003;-0.9
383;Donovan Mitchell;SG;UTA;21.6;0.152;3.6
384;Evan Mobley;PF;CLE;16.1;0.107;1.5
385;Malik Monk;SG;LAL;14.4;0.081;0.8
386;Greg Monroe;C;TOT;19.5;0.169;0.1
387;Moses Moody;SG;GSW;10.5;0.101;-0.1
388;Xavier Moon;SG;LAC;16.2;0.121;0.1
389;Matt Mooney;SG;NYK;-20;-0.915;0
390;Ja Morant;PG;MEM;24.4;0.171;3.9
391;Juwan Morgan;PF;TOT;8.3;0.124;0
392;Jaylen Morris;SG;SAS;-11.4;-0.376;-0.1
393;Marcus Morris;PF;LAC;13.7;0.074;0.3
394;Markieff Morris;PF;MIA;10.9;0.054;0
395;Monte Morris;PG;DEN;14.7;0.116;1.1
396;Emmanuel Mudiay;PG;SAC;12.3;0.023;0
397;Mychal Mulder;PG;TOT;3.7;-0.05;-0.3
398;Ade Murkey;SG;SAC;0;-0.017;0
399;Trey Murphy III;SF;NOP;12.5;0.104;0.2
400;Dejounte Murray;PG;SAS;22.3;0.149;4.4
401;Mike Muscala;C;OKC;19.7;0.17;1.1
402;Svi Mykhailiuk;SF;TOR;9.6;0.052;-0.2
403;Abdel Nader;SF;PHO;4.9;-0.009;-0.1
404;Larry Nance Jr.;C-PF;TOT;14.4;0.104;0.5
405;RJ Nembhard Jr.;SG;CLE;8;0.01;-0.1
406;Aaron Nesmith;SF;BOS;7.3;0.038;-0.3
407;Raul Neto;PG;WAS;12.4;0.053;-0.4
408;Malik Newman;PG;CLE;28.6;0.179;0
409;Georges Niang;PF;PHI;10.7;0.077;0
410;Daishen Nix;SG;HOU;8.1;-0.033;-0.3
411;Zeke Nnaji;PF;DEN;13.5;0.123;0
412;Nerlens Noel;C;NYK;11.8;0.128;0.3
413;Jaylen Nowell;SG;MIN;16.8;0.138;0.7
414;Frank Ntilikina;SG;DAL;10.4;0.065;0
415;Jusuf Nurkić;C;POR;20;0.11;0.9
416;David Nwaba;SF;HOU;15.3;0.105;0.2
417;Jordan Nwora;SF;MIL;9.9;0.025;-0.6
418;Royce O'Neale;SF;UTA;10.3;0.109;1.7
419;Semi Ojeleye;PF;TOT;6.7;0.029;-0.4
420;Chuma Okeke;PF;ORL;12;0.06;0.8
421;Josh Okogie;SG;MIN;9;0.062;-0.1
422;Onyeka Okongwu;C;ATL;19.8;0.202;0.7
423;Isaac Okoro;SF;CLE;10.4;0.103;0.1
424;KZ Okpala;PF;MIA;10.4;0.097;-0.1
425;Victor Oladipo;SG;MIA;16.8;0.124;0.1
426;Cameron Oliver;SF;ATL;21.4;0.219;0
427;Kelly Olynyk;C;DET;16.7;0.104;0.7
428;Eugene Omoruyi;SF;DAL;17;0.201;0
429;Miye Oni;SG;UTA;0.4;-0.032;-0.1
430;Cedi Osman;SF;CLE;13.3;0.094;0.8
431;Daniel Oturu;C;TOR;13.4;0.121;0
432;Kelly Oubre Jr.;SF;CHO;14.9;0.079;0.3
433;Jaysean Paige;PG;DET;-22.2;-0.574;0
434;Trayvon Palmer;SG;DET;-5.7;-0.133;-0.1
435;Kevin Pangos;PG;CLE;6.5;0.016;-0.2
436;Jabari Parker;PF;BOS;14.8;0.141;0.1
437;Eric Paschall;PF;UTA;13.9;0.128;0.3
438;Chris Paul;PG;PHO;20.8;0.21;4
439;Cameron Payne;PG;PHO;13.8;0.073;0.7
440;Elfrid Payton;PG;PHO;7.9;-0.014;-0.2
441;Gary Payton II;SG;GSW;17.8;0.199;1.8
442;Norvel Pelle;C;UTA;12.2;0.038;0
443;Reggie Perry;PF;TOT;15.6;0.058;-0.1
444;Jamorko Pickett;PF;DET;7.6;0.015;-0.1
445;Theo Pinson;SF;DAL;11.9;0.122;0.1
446;Mason Plumlee;C;CHO;14.7;0.127;0.9
447;Jakob Poeltl;C;SAS;20.8;0.168;1.7
448;Aleksej Pokusevski;PF;OKC;12;0.014;-0.2
449;Yves Pons;SF;MEM;5.9;0.03;-0.1
450;Jordan Poole;SG;GSW;16.1;0.126;1.7
451;Kevin Porter Jr.;PG;HOU;13.5;0.021;0.2
452;Michael Porter Jr.;SF;DEN;7.5;-0.032;-0.1
453;Otto Porter Jr.;PF;GSW;15.9;0.168;1.8
454;Bobby Portis;C;MIL;17.7;0.131;1.1
455;Kristaps Porziņģis;PF;TOT;23.7;0.18;2.2
456;Micah Potter;C;DET;13.6;0.073;0
457;Dwight Powell;C;DAL;18.1;0.219;1.3
458;Myles Powell;PG;PHI;0.2;-0.109;-0.1
459;Norman Powell;SF-SG;TOT;16.3;0.093;0.6
460;Joshua Primo;SF;SAS;7.1;0.001;-0.7
461;Taurean Prince;PF;MIN;12.4;0.09;0.3
462;Payton Pritchard;PG;BOS;15;0.148;1
463;Trevelin Queen;SG;HOU;18.2;0.08;0.1
464;Neemias Queta;C;SAC;12.7;0.051;-0.1
465;Immanuel Quickley;PG;NYK;14.6;0.113;1
466;Jahmi'us Ramsey;SG;SAC;7.9;-0.047;-0.2
467;Julius Randle;PF;NYK;15.7;0.059;1.6
468;Austin Reaves;SG;LAL;11.5;0.097;0
469;Cam Reddish;SF;TOT;12.8;0.046;0.2
470;Davon Reed;SG;DEN;12.2;0.117;0.3
471;Paul Reed;C;PHI;21.4;0.212;0.3
472;Naz Reid;C;MIN;17.2;0.125;0.6
473;Nick Richards;C;CHO;15.9;0.125;-0.1
474;Josh Richardson;SG;TOT;12.8;0.106;0.9
475;Austin Rivers;SG;DEN;7.2;0.037;-0.7
476;Duncan Robinson;SG;MIA;10.6;0.092;0.7
477;Justin Robinson;PG;TOT;3.6;-0.055;-0.4
478;Mitchell Robinson;C;NYK;20.7;0.221;2
479;Jeremiah Robinson-Earl;C;OKC;11.7;0.065;-0.1
480;Isaiah Roby;PF;OKC;18.3;0.147;0.6
481;Rajon Rondo;PG;TOT;10.9;0.048;0.1
482;Derrick Rose;PG;NYK;16.9;0.108;0.7
483;Terrence Ross;SG;ORL;10;0.011;-0.6
484;Terry Rozier;SG;CHO;17.6;0.115;2.3
485;Ricky Rubio;PG;CLE;14;0.064;0.5
486;D'Angelo Russell;PG;MIN;16.3;0.101;1.4
487;Matt Ryan;SF;BOS;3.5;-0.25;0
488;Domantas Sabonis;PF-C;TOT;21.9;0.159;3.2
489;Olivier Sarr;C;OKC;14;0.116;-0.2
490;Tomáš Satoranský;SG-PG-SF;TOT;10.2;0.056;-0.4
491;Jordan Schakel;SG;WAS;-1.2;-0.204;-0.1
492;Admiral Schofield;SF;ORL;7.5;0.027;-0.4
493;Dennis Schröder;SG-PG;TOT;13;0.076;0
494;Tre Scott;SF;CLE;20.4;0.138;0
495;Jay Scrubb;SG;LAC;9.3;0.002;-0.1
496;Wayne Selden;SG;NYK;4.3;0.016;0
497;Alperen Şengün;C;HOU;16;0.068;0.4
498;Collin Sexton;SG;CLE;11.2;-0.009;-0.2
499;Landry Shamet;SG;PHO;10.2;0.085;0.3
500;Day'Ron Sharpe;PF;BRK;20.7;0.152;-0.1
501;Pascal Siakam;PF;TOR;20.3;0.151;3.6
502;Chris Silva;PF;TOT;11.6;0.137;-0.1
503;Marko Simonovic;C;CHI;10.2;-0.011;-0.1
504;Anfernee Simons;SG;POR;15.3;0.055;0.5
505;Zavier Simpson;PG;OKC;7.7;-0.018;-0.3
506;Jericho Sims;PF;NYK;11.6;0.128;0
507;Deividas Sirvydis;SG;DET;0.1;-0.139;0
508;Javonte Smart;PG;TOT;5.1;-0.038;-0.2
509;Marcus Smart;PG;BOS;13.6;0.116;1.5
510;Dennis Smith Jr.;PG;POR;13.2;0.031;0.1
511;Ish Smith;PG;TOT;12.5;0.023;-0.2
512;Jalen Smith;PF;TOT;18.4;0.145;0.3
513;Xavier Sneed;SF;TOT;0.4;-0.056;-0.1
514;Tony Snell;SG;TOT;6.3;0.023;-0.5
515;Jaden Springer;SG;PHI;26.4;0.138;0
516;Cassius Stanley;SG;DET;8;0.021;-0.2
517;Nik Stauskas;SG;TOT;10.5;0.078;0
518;Lance Stephenson;PG-SG;TOT;13.6;0.048;-0.2
519;Lamar Stevens;PF;CLE;11.3;0.078;-0.2
520;Isaiah Stewart;C;DET;14;0.091;-0.6
521;Max Strus;SF;MIA;12.7;0.11;1.2
522;Jalen Suggs;PG;ORL;8.6;-0.06;-1.2
523;Craig Sword;SG;WAS;14.2;0.158;0
524;Keifer Sykes;PG;IND;5.9;-0.04;-0.7
525;Jae'Sean Tate;PF;HOU;14.3;0.071;0.1
526;Jayson Tatum;SF;BOS;21.8;0.169;4.8
527;Terry Taylor;SG;IND;19;0.16;0.3
528;Garrett Temple;SG;NOP;8.6;0.037;-0.1
529;Emanuel Terry;PF;PHO;-0.1;-0.256;-0.1
530;Tyrell Terry;PG;MEM;20;0.222;0
531;Jon Teske;C;MEM;1.5;-0.08;0
532;Daniel Theis;C;TOT;13.2;0.093;0
533;Brodric Thomas;SG;BOS;10;0.052;0
534;Cam Thomas;SG;BRK;11.7;0.033;-0.4
535;Isaiah Thomas;PG;TOT;12;0.026;-0.2
536;Matt Thomas;SG;CHI;9.9;0.058;-0.1
537;Klay Thompson;SG;GSW;16.7;0.091;0.7
538;Tristan Thompson;PF;TOT;14.9;0.087;-0.3
539;JT Thor;PF;CHO;9.7;0.058;-0.1
540;Matisse Thybulle;SG;PHI;11.2;0.107;1.3
541;Killian Tillie;C;MEM;7.6;0.058;-0.1
542;Xavier Tillman Sr.;PF;MEM;15.1;0.121;0.5
543;Isaiah Todd;PF;WAS;4.7;-0.104;-0.1
544;Obi Toppin;PF;NYK;18.3;0.153;1.2
545;Juan Toscano-Anderson;SF;GSW;11;0.098;0.3
546;Karl-Anthony Towns;C;MIN;24.1;0.199;4.4
547;Gary Trent Jr.;SG;TOR;14.7;0.11;1.3
548;P.J. Tucker;PF;MIA;11.3;0.121;1.3
549;Rayjon Tucker;SG;TOT;17.7;0.243;0.1
550;Myles Turner;C;IND;17.4;0.12;1.1
551;Jonas Valančiūnas;C;NOP;21.2;0.156;2.2
552;Denzel Valentine;SG;TOT;8.1;0.039;0
553;Jarred Vanderbilt;PF;MIN;15.3;0.153;1.1
554;Fred VanVleet;PG;TOR;17.3;0.131;3.5
555;Devin Vassell;SF;SAS;13.3;0.082;0.7
556;Gabe Vincent;PG;MIA;10.6;0.076;0.2
557;Nikola Vučević;C;CHI;18.2;0.09;1.8
558;Dean Wade;PF;CLE;10.1;0.111;0.4
559;Franz Wagner;SF;ORL;14.7;0.079;0.8
560;Moritz Wagner;C;ORL;18.1;0.138;0.9
561;Ish Wainright;PF;PHO;9.4;0.079;0
562;Kemba Walker;PG;NYK;13.9;0.093;0.6
563;Lonnie Walker IV;SG;SAS;12.3;0.037;-0.2
564;M.J. Walker;SG;PHO;-3.3;-0.276;0
565;Tyrone Wallace;SG;NOP;2.5;-0.057;-0.1
566;Derrick Walton;PG;DET;5.9;-0.071;-0.1
567;Brad Wanamaker;PG;TOT;7.5;0.004;-0.3
568;Duane Washington Jr.;PG;IND;10.2;-0.002;-0.7
569;P.J. Washington;C;CHO;13.6;0.091;0.9
570;Yuta Watanabe;SF;TOR;11.5;0.075;0
571;Lindy Waters III;SG;OKC;13;0.081;0.1
572;Tremont Waters;PG;TOT;5.4;-0.042;-0.1
573;Trendon Watford;SF;POR;15.8;0.104;0.1
574;Paul Watson;SF;OKC;5.7;0.001;-0.1
575;Quinndary Weatherspoon;SG;GSW;12;0.148;0
576;Russell Westbrook;PG;LAL;15;0.03;0.2
577;Coby White;PG;CHI;12.6;0.067;0
578;Derrick White;SG;TOT;14.8;0.111;1.6
579;Hassan Whiteside;C;UTA;22.9;0.238;1.2
580;Joe Wieskamp;SG;SAS;7.1;0.035;-0.1
581;Aaron Wiggins;SG;OKC;10.3;0.048;-0.7
582;Andrew Wiggins;SF;GSW;15;0.105;1.4
583;Lindell Wigginton;PG;MIL;10.2;0.044;-0.2
584;Brandon Williams;PG;POR;11;-0.037;-0.6
585;Grant Williams;PF;BOS;11.2;0.13;0.8
586;Kenrich Williams;SF;OKC;13.3;0.081;0.5
587;Lou Williams;PG;ATL;12.1;0.034;-0.3
588;Patrick Williams;PF;CHI;12.7;0.099;0
589;Robert Williams;C;BOS;22.1;0.262;3.4
590;Ziaire Williams;SF;MEM;9.7;0.08;-0.3
591;D.J. Wilson;PF;TOR;27.9;0.328;0.1
592;Dylan Windler;SF;CLE;8.8;0.084;0
593;Justise Winslow;PF;TOT;13.1;0.048;0.1
594;Cassius Winston;PG;WAS;6;0.015;-0.1
595;Christian Wood;C;HOU;19.1;0.112;1.9
596;Robert Woodard II;SF;SAC;2.1;-0.147;-0.1
597;Delon Wright;SG;ATL;13.8;0.121;1.6
598;McKinley Wright IV;PG;MIN;9.5;0.092;0
599;Moses Wright;PF;TOT;18.3;0.18;0
600;Gabe York;SG;IND;12.7;0.059;0
601;Thaddeus Young;PF;TOT;17;0.126;0.9
602;Trae Young;PG;ATL;25.4;0.181;4.8
603;Omer Yurtseven;C;MIA;17.4;0.145;0.2
604;Cody Zeller;C;POR;17.2;0.143;0
605;Ivica Zubac;C;LAC;19.2;0.187;1.3
